year,period_id,entity_id,scope,layer,theory_family_id,raw_score,normalized_score,confidence_label,derivation_status
1914,1914_1919,global_system,global,synthesis,marxism_dependency_structuralism,61.25,41.3432,high,derived_constant
1915,1914_1919,global_system,global,synthesis,marxism_dependency_structuralism,61.25,41.3432,high,derived_constant
1916,1914_1919,global_system,global,synthesis,marxism_dependency_structuralism,61.25,41.3432,high,derived_constant
1917,1914_1919,global_system,global,synthesis,marxism_dependency_structuralism,61.25,41.3432,high,derived_constant
1918,1914_1919,global_system,global,synthesis,marxism_dependency_structuralism,61.25,41.3432,high,derived_constant
1919,1914_1919,global_system,global,synthesis,marxism_dependency_structuralism,61.25,41.3432,high,derived_constant
1914,1914_1919,global_system,global,synthesis,geopolitics_imperialism_reason_of_state,86.9,58.6568,high,derived_constant
1915,1914_1919,global_system,global,synthesis,geopolitics_imperialism_reason_of_state,86.9,58.6568,high,derived_constant
1916,1914_1919,global_system,global,synthesis,geopolitics_imperialism_reason_of_state,86.9,58.6568,high,derived_constant
1917,1914_1919,global_system,global,synthesis,geopolitics_imperialism_reason_of_state,86.9,58.6568,high,derived_constant
1918,1914_1919,global_system,global,synthesis,geopolitics_imperialism_reason_of_state,86.9,58.6568,high,derived_constant
1919,1914_1919,global_system,global,synthesis,geopolitics_imperialism_reason_of_state,86.9,58.6568,high,derived_constant
1919,1919_1939,global_system,global,synthesis,liberalism,72.0,34.1556,high,derived_constant
1920,1919_1939,global_system,global,synthesis,liberalism,72.0,34.1556,high,derived_constant
1921,1919_1939,global_system,global,synthesis,liberalism,72.0,34.1556,high,derived_constant
1922,1919_1939,global_system,global,synthesis,liberalism,72.0,34.1556,high,derived_constant
1923,1919_1939,global_system,global,synthesis,liberalism,72.0,34.1556,high,derived_constant
1924,1919_1939,global_system,global,synthesis,liberalism,72.0,34.1556,high,derived_constant
1925,1919_1939,global_system,global,synthesis,liberalism,72.0,34.1556,high,derived_constant
1926,1919_1939,global_system,global,synthesis,liberalism,72.0,34.1556,high,derived_constant
1927,1919_1939,global_system,global,synthesis,liberalism,72.0,34.1556,high,derived_constant
1928,1919_1939,global_system,global,synthesis,liberalism,72.0,34.1556,high,derived_constant
1929,1919_1939,global_system,global,synthesis,liberalism,72.0,34.1556,high,derived_constant
1930,1919_1939,global_system,global,synthesis,liberalism,72.0,34.1556,high,derived_constant
1931,1919_1939,global_system,global,synthesis,liberalism,72.0,34.1556,high,derived_constant
1932,1919_1939,global_system,global,synthesis,liberalism,72.0,34.1556,high,derived_constant
1933,1919_1939,global_system,global,synthesis,liberalism,72.0,34.1556,high,derived_constant
1934,1919_1939,global_system,global,synthesis,liberalism,72.0,34.1556,high,derived_constant
1935,1919_1939,global_system,global,synthesis,liberalism,72.0,34.1556,high,derived_constant
1936,1919_1939,global_system,global,synthesis,liberalism,72.0,34.1556,high,derived_constant
1937,1919_1939,global_system,global,synthesis,liberalism,72.0,34.1556,high,derived_constant
1938,1919_1939,global_system,global,synthesis,liberalism,72.0,34.1556,high,derived_constant
1939,1919_1939,global_system,global,synthesis,liberalism,72.0,34.1556,high,derived_constant
1919,1919_1939,global_system,global,synthesis,marxism_dependency_structuralism,64.7,30.6926,high,derived_constant
1920,1919_1939,global_system,global,synthesis,marxism_dependency_structuralism,64.7,30.6926,high,derived_constant
1921,1919_1939,global_system,global,synthesis,marxism_dependency_structuralism,64.7,30.6926,high,derived_constant
1922,1919_1939,global_system,global,synthesis,marxism_dependency_structuralism,64.7,30.6926,high,derived_constant
1923,1919_1939,global_system,global,synthesis,marxism_dependency_structuralism,64.7,30.6926,high,derived_constant
1924,1919_1939,global_system,global,synthesis,marxism_dependency_structuralism,64.7,30.6926,high,derived_constant
1925,1919_1939,global_system,global,synthesis,marxism_dependency_structuralism,64.7,30.6926,high,derived_constant
1926,1919_1939,global_system,global,synthesis,marxism_dependency_structuralism,64.7,30.6926,high,derived_constant
1927,1919_1939,global_system,global,synthesis,marxism_dependency_structuralism,64.7,30.6926,high,derived_constant
1928,1919_1939,global_system,global,synthesis,marxism_dependency_structuralism,64.7,30.6926,high,derived_constant
1929,1919_1939,global_system,global,synthesis,marxism_dependency_structuralism,64.7,30.6926,high,derived_constant
1930,1919_1939,global_system,global,synthesis,marxism_dependency_structuralism,64.7,30.6926,high,derived_constant
1931,1919_1939,global_system,global,synthesis,marxism_dependency_structuralism,64.7,30.6926,high,derived_constant
1932,1919_1939,global_system,global,synthesis,marxism_dependency_structuralism,64.7,30.6926,high,derived_constant
1933,1919_1939,global_system,global,synthesis,marxism_dependency_structuralism,64.7,30.6926,high,derived_constant
1934,1919_1939,global_system,global,synthesis,marxism_dependency_structuralism,64.7,30.6926,high,derived_constant
1935,1919_1939,global_system,global,synthesis,marxism_dependency_structuralism,64.7,30.6926,high,derived_constant
1936,1919_1939,global_system,global,synthesis,marxism_dependency_structuralism,64.7,30.6926,high,derived_constant
1937,1919_1939,global_system,global,synthesis,marxism_dependency_structuralism,64.7,30.6926,high,derived_constant
1938,1919_1939,global_system,global,synthesis,marxism_dependency_structuralism,64.7,30.6926,high,derived_constant
1939,1919_1939,global_system,global,synthesis,marxism_dependency_structuralism,64.7,30.6926,high,derived_constant
1919,1919_1939,global_system,global,synthesis,geopolitics_imperialism_reason_of_state,74.1,35.1518,high,derived_constant
1920,1919_1939,global_system,global,synthesis,geopolitics_imperialism_reason_of_state,74.1,35.1518,high,derived_constant
1921,1919_1939,global_system,global,synthesis,geopolitics_imperialism_reason_of_state,74.1,35.1518,high,derived_constant
1922,1919_1939,global_system,global,synthesis,geopolitics_imperialism_reason_of_state,74.1,35.1518,high,derived_constant
1923,1919_1939,global_system,global,synthesis,geopolitics_imperialism_reason_of_state,74.1,35.1518,high,derived_constant
1924,1919_1939,global_system,global,synthesis,geopolitics_imperialism_reason_of_state,74.1,35.1518,high,derived_constant
1925,1919_1939,global_system,global,synthesis,geopolitics_imperialism_reason_of_state,74.1,35.1518,high,derived_constant
1926,1919_1939,global_system,global,synthesis,geopolitics_imperialism_reason_of_state,74.1,35.1518,high,derived_constant
1927,1919_1939,global_system,global,synthesis,geopolitics_imperialism_reason_of_state,74.1,35.1518,high,derived_constant
1928,1919_1939,global_system,global,synthesis,geopolitics_imperialism_reason_of_state,74.1,35.1518,high,derived_constant
1929,1919_1939,global_system,global,synthesis,geopolitics_imperialism_reason_of_state,74.1,35.1518,high,derived_constant
1930,1919_1939,global_system,global,synthesis,geopolitics_imperialism_reason_of_state,74.1,35.1518,high,derived_constant
1931,1919_1939,global_system,global,synthesis,geopolitics_imperialism_reason_of_state,74.1,35.1518,high,derived_constant
1932,1919_1939,global_system,global,synthesis,geopolitics_imperialism_reason_of_state,74.1,35.1518,high,derived_constant
1933,1919_1939,global_system,global,synthesis,geopolitics_imperialism_reason_of_state,74.1,35.1518,high,derived_constant
1934,1919_1939,global_system,global,synthesis,geopolitics_imperialism_reason_of_state,74.1,35.1518,high,derived_constant
1935,1919_1939,global_system,global,synthesis,geopolitics_imperialism_reason_of_state,74.1,35.1518,high,derived_constant
1936,1919_1939,global_system,global,synthesis,geopolitics_imperialism_reason_of_state,74.1,35.1518,high,derived_constant
1937,1919_1939,global_system,global,synthesis,geopolitics_imperialism_reason_of_state,74.1,35.1518,high,derived_constant
1938,1919_1939,global_system,global,synthesis,geopolitics_imperialism_reason_of_state,74.1,35.1518,high,derived_constant
1939,1919_1939,global_system,global,synthesis,geopolitics_imperialism_reason_of_state,74.1,35.1518,high,derived_constant
1939,1939_1945,global_system,global,synthesis,realism,92.6,31.8925,very_high,derived_constant
1940,1939_1945,global_system,global,synthesis,realism,92.6,31.8925,very_high,derived_constant
1941,1939_1945,global_system,global,synthesis,realism,92.6,31.8925,very_high,derived_constant
1942,1939_1945,global_system,global,synthesis,realism,92.6,31.8925,very_high,derived_constant
1943,1939_1945,global_system,global,synthesis,realism,92.6,31.8925,very_high,derived_constant
1944,1939_1945,global_system,global,synthesis,realism,92.6,31.8925,very_high,derived_constant
1945,1939_1945,global_system,global,synthesis,realism,92.6,31.8925,very_high,derived_constant
1939,1939_1945,global_system,global,synthesis,liberalism,42.0,14.4653,high,derived_constant
1940,1939_1945,global_system,global,synthesis,liberalism,42.0,14.4653,high,derived_constant
1941,1939_1945,global_system,global,synthesis,liberalism,42.0,14.4653,high,derived_constant
1942,1939_1945,global_system,global,synthesis,liberalism,42.0,14.4653,high,derived_constant
1943,1939_1945,global_system,global,synthesis,liberalism,42.0,14.4653,high,derived_constant
1944,1939_1945,global_system,global,synthesis,liberalism,42.0,14.4653,high,derived_constant
1945,1939_1945,global_system,global,synthesis,liberalism,42.0,14.4653,high,derived_constant
1939,1939_1945,global_system,global,synthesis,marxism_dependency_structuralism,67.0,23.0756,high,derived_constant
1940,1939_1945,global_system,global,synthesis,marxism_dependency_structuralism,67.0,23.0756,high,derived_constant
1941,1939_1945,global_system,global,synthesis,marxism_dependency_structuralism,67.0,23.0756,high,derived_constant
1942,1939_1945,global_system,global,synthesis,marxism_dependency_structuralism,67.0,23.0756,high,derived_constant
1943,1939_1945,global_system,global,synthesis,marxism_dependency_structuralism,67.0,23.0756,high,derived_constant
1944,1939_1945,global_system,global,synthesis,marxism_dependency_structuralism,67.0,23.0756,high,derived_constant
1945,1939_1945,global_system,global,synthesis,marxism_dependency_structuralism,67.0,23.0756,high,derived_constant
1939,1939_1945,global_system,global,synthesis,geopolitics_imperialism_reason_of_state,88.75,30.5666,very_high,derived_constant
1940,1939_1945,global_system,global,synthesis,geopolitics_imperialism_reason_of_state,88.75,30.5666,very_high,derived_constant
1941,1939_1945,global_system,global,synthesis,geopolitics_imperialism_reason_of_state,88.75,30.5666,very_high,derived_constant
1942,1939_1945,global_system,global,synthesis,geopolitics_imperialism_reason_of_state,88.75,30.5666,very_high,derived_constant
1943,1939_1945,global_system,global,synthesis,geopolitics_imperialism_reason_of_state,88.75,30.5666,very_high,derived_constant
1944,1939_1945,global_system,global,synthesis,geopolitics_imperialism_reason_of_state,88.75,30.5666,very_high,derived_constant
1945,1939_1945,global_system,global,synthesis,geopolitics_imperialism_reason_of_state,88.75,30.5666,very_high,derived_constant
1945,1945_1962,global_system,global,synthesis,realism,91.15,29.6471,very_high,derived_constant
1946,1945_1962,global_system,global,synthesis,realism,91.15,29.6471,very_high,derived_constant
1947,1945_1962,global_system,global,synthesis,realism,91.15,29.6471,very_high,derived_constant
1948,1945_1962,global_system,global,synthesis,realism,91.15,29.6471,very_high,derived_constant
1949,1945_1962,global_system,global,synthesis,realism,91.15,29.6471,very_high,derived_constant
1950,1945_1962,global_system,global,synthesis,realism,91.15,29.6471,very_high,derived_constant
1951,1945_1962,global_system,global,synthesis,realism,91.15,29.6471,very_high,derived_constant
1952,1945_1962,global_system,global,synthesis,realism,91.15,29.6471,very_high,derived_constant
1953,1945_1962,global_system,global,synthesis,realism,91.15,29.6471,very_high,derived_constant
1954,1945_1962,global_system,global,synthesis,realism,91.15,29.6471,very_high,derived_constant
1955,1945_1962,global_system,global,synthesis,realism,91.15,29.6471,very_high,derived_constant
1956,1945_1962,global_system,global,synthesis,realism,91.15,29.6471,very_high,derived_constant
1957,1945_1962,global_system,global,synthesis,realism,91.15,29.6471,very_high,derived_constant
1958,1945_1962,global_system,global,synthesis,realism,91.15,29.6471,very_high,derived_constant
1959,1945_1962,global_system,global,synthesis,realism,91.15,29.6471,very_high,derived_constant
1960,1945_1962,global_system,global,synthesis,realism,91.15,29.6471,very_high,derived_constant
1961,1945_1962,global_system,global,synthesis,realism,91.15,29.6471,very_high,derived_constant
1962,1945_1962,global_system,global,synthesis,realism,91.15,29.6471,very_high,derived_constant
1945,1945_1962,global_system,global,synthesis,liberalism,71.25,23.1745,high,derived_constant
1946,1945_1962,global_system,global,synthesis,liberalism,71.25,23.1745,high,derived_constant
1947,1945_1962,global_system,global,synthesis,liberalism,71.25,23.1745,high,derived_constant
1948,1945_1962,global_system,global,synthesis,liberalism,71.25,23.1745,high,derived_constant
1949,1945_1962,global_system,global,synthesis,liberalism,71.25,23.1745,high,derived_constant
1950,1945_1962,global_system,global,synthesis,liberalism,71.25,23.1745,high,derived_constant
1951,1945_1962,global_system,global,synthesis,liberalism,71.25,23.1745,high,derived_constant
1952,1945_1962,global_system,global,synthesis,liberalism,71.25,23.1745,high,derived_constant
1953,1945_1962,global_system,global,synthesis,liberalism,71.25,23.1745,high,derived_constant
1954,1945_1962,global_system,global,synthesis,liberalism,71.25,23.1745,high,derived_constant
1955,1945_1962,global_system,global,synthesis,liberalism,71.25,23.1745,high,derived_constant
1956,1945_1962,global_system,global,synthesis,liberalism,71.25,23.1745,high,derived_constant
1957,1945_1962,global_system,global,synthesis,liberalism,71.25,23.1745,high,derived_constant
1958,1945_1962,global_system,global,synthesis,liberalism,71.25,23.1745,high,derived_constant
1959,1945_1962,global_system,global,synthesis,liberalism,71.25,23.1745,high,derived_constant
1960,1945_1962,global_system,global,synthesis,liberalism,71.25,23.1745,high,derived_constant
1961,1945_1962,global_system,global,synthesis,liberalism,71.25,23.1745,high,derived_constant
1962,1945_1962,global_system,global,synthesis,liberalism,71.25,23.1745,high,derived_constant
1945,1945_1962,global_system,global,synthesis,marxism_dependency_structuralism,70.05,22.7842,high,derived_constant
1946,1945_1962,global_system,global,synthesis,marxism_dependency_structuralism,70.05,22.7842,high,derived_constant
1947,1945_1962,global_system,global,synthesis,marxism_dependency_structuralism,70.05,22.7842,high,derived_constant
1948,1945_1962,global_system,global,synthesis,marxism_dependency_structuralism,70.05,22.7842,high,derived_constant
1949,1945_1962,global_system,global,synthesis,marxism_dependency_structuralism,70.05,22.7842,high,derived_constant
1950,1945_1962,global_system,global,synthesis,marxism_dependency_structuralism,70.05,22.7842,high,derived_constant
1951,1945_1962,global_system,global,synthesis,marxism_dependency_structuralism,70.05,22.7842,high,derived_constant
1952,1945_1962,global_system,global,synthesis,marxism_dependency_structuralism,70.05,22.7842,high,derived_constant
1953,1945_1962,global_system,global,synthesis,marxism_dependency_structuralism,70.05,22.7842,high,derived_constant
1954,1945_1962,global_system,global,synthesis,marxism_dependency_structuralism,70.05,22.7842,high,derived_constant
1955,1945_1962,global_system,global,synthesis,marxism_dependency_structuralism,70.05,22.7842,high,derived_constant
1956,1945_1962,global_system,global,synthesis,marxism_dependency_structuralism,70.05,22.7842,high,derived_constant
1957,1945_1962,global_system,global,synthesis,marxism_dependency_structuralism,70.05,22.7842,high,derived_constant
1958,1945_1962,global_system,global,synthesis,marxism_dependency_structuralism,70.05,22.7842,high,derived_constant
1959,1945_1962,global_system,global,synthesis,marxism_dependency_structuralism,70.05,22.7842,high,derived_constant
1960,1945_1962,global_system,global,synthesis,marxism_dependency_structuralism,70.05,22.7842,high,derived_constant
1961,1945_1962,global_system,global,synthesis,marxism_dependency_structuralism,70.05,22.7842,high,derived_constant
1962,1945_1962,global_system,global,synthesis,marxism_dependency_structuralism,70.05,22.7842,high,derived_constant
1945,1945_1962,global_system,global,synthesis,geopolitics_imperialism_reason_of_state,75.0,24.3942,high,derived_constant
1946,1945_1962,global_system,global,synthesis,geopolitics_imperialism_reason_of_state,75.0,24.3942,high,derived_constant
1947,1945_1962,global_system,global,synthesis,geopolitics_imperialism_reason_of_state,75.0,24.3942,high,derived_constant
1948,1945_1962,global_system,global,synthesis,geopolitics_imperialism_reason_of_state,75.0,24.3942,high,derived_constant
1949,1945_1962,global_system,global,synthesis,geopolitics_imperialism_reason_of_state,75.0,24.3942,high,derived_constant
1950,1945_1962,global_system,global,synthesis,geopolitics_imperialism_reason_of_state,75.0,24.3942,high,derived_constant
1951,1945_1962,global_system,global,synthesis,geopolitics_imperialism_reason_of_state,75.0,24.3942,high,derived_constant
1952,1945_1962,global_system,global,synthesis,geopolitics_imperialism_reason_of_state,75.0,24.3942,high,derived_constant
1953,1945_1962,global_system,global,synthesis,geopolitics_imperialism_reason_of_state,75.0,24.3942,high,derived_constant
1954,1945_1962,global_system,global,synthesis,geopolitics_imperialism_reason_of_state,75.0,24.3942,high,derived_constant
1955,1945_1962,global_system,global,synthesis,geopolitics_imperialism_reason_of_state,75.0,24.3942,high,derived_constant
1956,1945_1962,global_system,global,synthesis,geopolitics_imperialism_reason_of_state,75.0,24.3942,high,derived_constant
1957,1945_1962,global_system,global,synthesis,geopolitics_imperialism_reason_of_state,75.0,24.3942,high,derived_constant
1958,1945_1962,global_system,global,synthesis,geopolitics_imperialism_reason_of_state,75.0,24.3942,high,derived_constant
1959,1945_1962,global_system,global,synthesis,geopolitics_imperialism_reason_of_state,75.0,24.3942,high,derived_constant
1960,1945_1962,global_system,global,synthesis,geopolitics_imperialism_reason_of_state,75.0,24.3942,high,derived_constant
1961,1945_1962,global_system,global,synthesis,geopolitics_imperialism_reason_of_state,75.0,24.3942,high,derived_constant
1962,1945_1962,global_system,global,synthesis,geopolitics_imperialism_reason_of_state,75.0,24.3942,high,derived_constant
1962,1962_1979,global_system,global,synthesis,realism,85.1,22.7054,high,derived_constant
1963,1962_1979,global_system,global,synthesis,realism,85.1,22.7054,high,derived_constant
1964,1962_1979,global_system,global,synthesis,realism,85.1,22.7054,high,derived_constant
1965,1962_1979,global_system,global,synthesis,realism,85.1,22.7054,high,derived_constant
1966,1962_1979,global_system,global,synthesis,realism,85.1,22.7054,high,derived_constant
1967,1962_1979,global_system,global,synthesis,realism,85.1,22.7054,high,derived_constant
1968,1962_1979,global_system,global,synthesis,realism,85.1,22.7054,high,derived_constant
1969,1962_1979,global_system,global,synthesis,realism,85.1,22.7054,high,derived_constant
1970,1962_1979,global_system,global,synthesis,realism,85.1,22.7054,high,derived_constant
1971,1962_1979,global_system,global,synthesis,realism,85.1,22.7054,high,derived_constant
1972,1962_1979,global_system,global,synthesis,realism,85.1,22.7054,high,derived_constant
1973,1962_1979,global_system,global,synthesis,realism,85.1,22.7054,high,derived_constant
1974,1962_1979,global_system,global,synthesis,realism,85.1,22.7054,high,derived_constant
1975,1962_1979,global_system,global,synthesis,realism,85.1,22.7054,high,derived_constant
1976,1962_1979,global_system,global,synthesis,realism,85.1,22.7054,high,derived_constant
1977,1962_1979,global_system,global,synthesis,realism,85.1,22.7054,high,derived_constant
1978,1962_1979,global_system,global,synthesis,realism,85.1,22.7054,high,derived_constant
1979,1962_1979,global_system,global,synthesis,realism,85.1,22.7054,high,derived_constant
1962,1962_1979,global_system,global,synthesis,liberalism,67.25,17.9429,high,derived_constant
1963,1962_1979,global_system,global,synthesis,liberalism,67.25,17.9429,high,derived_constant
1964,1962_1979,global_system,global,synthesis,liberalism,67.25,17.9429,high,derived_constant
1965,1962_1979,global_system,global,synthesis,liberalism,67.25,17.9429,high,derived_constant
1966,1962_1979,global_system,global,synthesis,liberalism,67.25,17.9429,high,derived_constant
1967,1962_1979,global_system,global,synthesis,liberalism,67.25,17.9429,high,derived_constant
1968,1962_1979,global_system,global,synthesis,liberalism,67.25,17.9429,high,derived_constant
1969,1962_1979,global_system,global,synthesis,liberalism,67.25,17.9429,high,derived_constant
1970,1962_1979,global_system,global,synthesis,liberalism,67.25,17.9429,high,derived_constant
1971,1962_1979,global_system,global,synthesis,liberalism,67.25,17.9429,high,derived_constant
1972,1962_1979,global_system,global,synthesis,liberalism,67.25,17.9429,high,derived_constant
1973,1962_1979,global_system,global,synthesis,liberalism,67.25,17.9429,high,derived_constant
1974,1962_1979,global_system,global,synthesis,liberalism,67.25,17.9429,high,derived_constant
1975,1962_1979,global_system,global,synthesis,liberalism,67.25,17.9429,high,derived_constant
1976,1962_1979,global_system,global,synthesis,liberalism,67.25,17.9429,high,derived_constant
1977,1962_1979,global_system,global,synthesis,liberalism,67.25,17.9429,high,derived_constant
1978,1962_1979,global_system,global,synthesis,liberalism,67.25,17.9429,high,derived_constant
1979,1962_1979,global_system,global,synthesis,liberalism,67.25,17.9429,high,derived_constant
1962,1962_1979,global_system,global,synthesis,marxism_dependency_structuralism,84.4,22.5187,high,derived_constant
1963,1962_1979,global_system,global,synthesis,marxism_dependency_structuralism,84.4,22.5187,high,derived_constant
1964,1962_1979,global_system,global,synthesis,marxism_dependency_structuralism,84.4,22.5187,high,derived_constant
1965,1962_1979,global_system,global,synthesis,marxism_dependency_structuralism,84.4,22.5187,high,derived_constant
1966,1962_1979,global_system,global,synthesis,marxism_dependency_structuralism,84.4,22.5187,high,derived_constant
1967,1962_1979,global_system,global,synthesis,marxism_dependency_structuralism,84.4,22.5187,high,derived_constant
1968,1962_1979,global_system,global,synthesis,marxism_dependency_structuralism,84.4,22.5187,high,derived_constant
1969,1962_1979,global_system,global,synthesis,marxism_dependency_structuralism,84.4,22.5187,high,derived_constant
1970,1962_1979,global_system,global,synthesis,marxism_dependency_structuralism,84.4,22.5187,high,derived_constant
1971,1962_1979,global_system,global,synthesis,marxism_dependency_structuralism,84.4,22.5187,high,derived_constant
1972,1962_1979,global_system,global,synthesis,marxism_dependency_structuralism,84.4,22.5187,high,derived_constant
1973,1962_1979,global_system,global,synthesis,marxism_dependency_structuralism,84.4,22.5187,high,derived_constant
1974,1962_1979,global_system,global,synthesis,marxism_dependency_structuralism,84.4,22.5187,high,derived_constant
1975,1962_1979,global_system,global,synthesis,marxism_dependency_structuralism,84.4,22.5187,high,derived_constant
1976,1962_1979,global_system,global,synthesis,marxism_dependency_structuralism,84.4,22.5187,high,derived_constant
1977,1962_1979,global_system,global,synthesis,marxism_dependency_structuralism,84.4,22.5187,high,derived_constant
1978,1962_1979,global_system,global,synthesis,marxism_dependency_structuralism,84.4,22.5187,high,derived_constant
1979,1962_1979,global_system,global,synthesis,marxism_dependency_structuralism,84.4,22.5187,high,derived_constant
1962,1962_1979,global_system,global,synthesis,english_school,66.25,17.6761,high,derived_constant
1963,1962_1979,global_system,global,synthesis,english_school,66.25,17.6761,high,derived_constant
1964,1962_1979,global_system,global,synthesis,english_school,66.25,17.6761,high,derived_constant
1965,1962_1979,global_system,global,synthesis,english_school,66.25,17.6761,high,derived_constant
1966,1962_1979,global_system,global,synthesis,english_school,66.25,17.6761,high,derived_constant
1967,1962_1979,global_system,global,synthesis,english_school,66.25,17.6761,high,derived_constant
1968,1962_1979,global_system,global,synthesis,english_school,66.25,17.6761,high,derived_constant
1969,1962_1979,global_system,global,synthesis,english_school,66.25,17.6761,high,derived_constant
1970,1962_1979,global_system,global,synthesis,english_school,66.25,17.6761,high,derived_constant
1971,1962_1979,global_system,global,synthesis,english_school,66.25,17.6761,high,derived_constant
1972,1962_1979,global_system,global,synthesis,english_school,66.25,17.6761,high,derived_constant
1973,1962_1979,global_system,global,synthesis,english_school,66.25,17.6761,high,derived_constant
1974,1962_1979,global_system,global,synthesis,english_school,66.25,17.6761,high,derived_constant
1975,1962_1979,global_system,global,synthesis,english_school,66.25,17.6761,high,derived_constant
1976,1962_1979,global_system,global,synthesis,english_school,66.25,17.6761,high,derived_constant
1977,1962_1979,global_system,global,synthesis,english_school,66.25,17.6761,high,derived_constant
1978,1962_1979,global_system,global,synthesis,english_school,66.25,17.6761,high,derived_constant
1979,1962_1979,global_system,global,synthesis,english_school,66.25,17.6761,high,derived_constant
1962,1962_1979,global_system,global,synthesis,geopolitics_imperialism_reason_of_state,71.8,19.1569,high,derived_constant
1963,1962_1979,global_system,global,synthesis,geopolitics_imperialism_reason_of_state,71.8,19.1569,high,derived_constant
1964,1962_1979,global_system,global,synthesis,geopolitics_imperialism_reason_of_state,71.8,19.1569,high,derived_constant
1965,1962_1979,global_system,global,synthesis,geopolitics_imperialism_reason_of_state,71.8,19.1569,high,derived_constant
1966,1962_1979,global_system,global,synthesis,geopolitics_imperialism_reason_of_state,71.8,19.1569,high,derived_constant
1967,1962_1979,global_system,global,synthesis,geopolitics_imperialism_reason_of_state,71.8,19.1569,high,derived_constant
1968,1962_1979,global_system,global,synthesis,geopolitics_imperialism_reason_of_state,71.8,19.1569,high,derived_constant
1969,1962_1979,global_system,global,synthesis,geopolitics_imperialism_reason_of_state,71.8,19.1569,high,derived_constant
1970,1962_1979,global_system,global,synthesis,geopolitics_imperialism_reason_of_state,71.8,19.1569,high,derived_constant
1971,1962_1979,global_system,global,synthesis,geopolitics_imperialism_reason_of_state,71.8,19.1569,high,derived_constant
1972,1962_1979,global_system,global,synthesis,geopolitics_imperialism_reason_of_state,71.8,19.1569,high,derived_constant
1973,1962_1979,global_system,global,synthesis,geopolitics_imperialism_reason_of_state,71.8,19.1569,high,derived_constant
1974,1962_1979,global_system,global,synthesis,geopolitics_imperialism_reason_of_state,71.8,19.1569,high,derived_constant
1975,1962_1979,global_system,global,synthesis,geopolitics_imperialism_reason_of_state,71.8,19.1569,high,derived_constant
1976,1962_1979,global_system,global,synthesis,geopolitics_imperialism_reason_of_state,71.8,19.1569,high,derived_constant
1977,1962_1979,global_system,global,synthesis,geopolitics_imperialism_reason_of_state,71.8,19.1569,high,derived_constant
1978,1962_1979,global_system,global,synthesis,geopolitics_imperialism_reason_of_state,71.8,19.1569,high,derived_constant
1979,1962_1979,global_system,global,synthesis,geopolitics_imperialism_reason_of_state,71.8,19.1569,high,derived_constant
1979,1979_1991,global_system,global,synthesis,realism,88.2,21.2684,high,derived_constant
1980,1979_1991,global_system,global,synthesis,realism,88.2,21.2684,high,derived_constant
1981,1979_1991,global_system,global,synthesis,realism,88.2,21.2684,high,derived_constant
1982,1979_1991,global_system,global,synthesis,realism,88.2,21.2684,high,derived_constant
1983,1979_1991,global_system,global,synthesis,realism,88.2,21.2684,high,derived_constant
1984,1979_1991,global_system,global,synthesis,realism,88.2,21.2684,high,derived_constant
1985,1979_1991,global_system,global,synthesis,realism,88.2,21.2684,high,derived_constant
1986,1979_1991,global_system,global,synthesis,realism,88.2,21.2684,high,derived_constant
1987,1979_1991,global_system,global,synthesis,realism,88.2,21.2684,high,derived_constant
1988,1979_1991,global_system,global,synthesis,realism,88.2,21.2684,high,derived_constant
1989,1979_1991,global_system,global,synthesis,realism,88.2,21.2684,high,derived_constant
1990,1979_1991,global_system,global,synthesis,realism,88.2,21.2684,high,derived_constant
1991,1979_1991,global_system,global,synthesis,realism,88.2,21.2684,high,derived_constant
1979,1979_1991,global_system,global,synthesis,liberalism,71.1,17.1449,high,derived_constant
1980,1979_1991,global_system,global,synthesis,liberalism,71.1,17.1449,high,derived_constant
1981,1979_1991,global_system,global,synthesis,liberalism,71.1,17.1449,high,derived_constant
1982,1979_1991,global_system,global,synthesis,liberalism,71.1,17.1449,high,derived_constant
1983,1979_1991,global_system,global,synthesis,liberalism,71.1,17.1449,high,derived_constant
1984,1979_1991,global_system,global,synthesis,liberalism,71.1,17.1449,high,derived_constant
1985,1979_1991,global_system,global,synthesis,liberalism,71.1,17.1449,high,derived_constant
1986,1979_1991,global_system,global,synthesis,liberalism,71.1,17.1449,high,derived_constant
1987,1979_1991,global_system,global,synthesis,liberalism,71.1,17.1449,high,derived_constant
1988,1979_1991,global_system,global,synthesis,liberalism,71.1,17.1449,high,derived_constant
1989,1979_1991,global_system,global,synthesis,liberalism,71.1,17.1449,high,derived_constant
1990,1979_1991,global_system,global,synthesis,liberalism,71.1,17.1449,high,derived_constant
1991,1979_1991,global_system,global,synthesis,liberalism,71.1,17.1449,high,derived_constant
1979,1979_1991,global_system,global,synthesis,marxism_dependency_structuralism,62.2,14.9988,high,derived_constant
1980,1979_1991,global_system,global,synthesis,marxism_dependency_structuralism,62.2,14.9988,high,derived_constant
1981,1979_1991,global_system,global,synthesis,marxism_dependency_structuralism,62.2,14.9988,high,derived_constant
1982,1979_1991,global_system,global,synthesis,marxism_dependency_structuralism,62.2,14.9988,high,derived_constant
1983,1979_1991,global_system,global,synthesis,marxism_dependency_structuralism,62.2,14.9988,high,derived_constant
1984,1979_1991,global_system,global,synthesis,marxism_dependency_structuralism,62.2,14.9988,high,derived_constant
1985,1979_1991,global_system,global,synthesis,marxism_dependency_structuralism,62.2,14.9988,high,derived_constant
1986,1979_1991,global_system,global,synthesis,marxism_dependency_structuralism,62.2,14.9988,high,derived_constant
1987,1979_1991,global_system,global,synthesis,marxism_dependency_structuralism,62.2,14.9988,high,derived_constant
1988,1979_1991,global_system,global,synthesis,marxism_dependency_structuralism,62.2,14.9988,high,derived_constant
1989,1979_1991,global_system,global,synthesis,marxism_dependency_structuralism,62.2,14.9988,high,derived_constant
1990,1979_1991,global_system,global,synthesis,marxism_dependency_structuralism,62.2,14.9988,high,derived_constant
1991,1979_1991,global_system,global,synthesis,marxism_dependency_structuralism,62.2,14.9988,high,derived_constant
1979,1979_1991,global_system,global,synthesis,english_school,58.8,14.1789,high,derived_constant
1980,1979_1991,global_system,global,synthesis,english_school,58.8,14.1789,high,derived_constant
1981,1979_1991,global_system,global,synthesis,english_school,58.8,14.1789,high,derived_constant
1982,1979_1991,global_system,global,synthesis,english_school,58.8,14.1789,high,derived_constant
1983,1979_1991,global_system,global,synthesis,english_school,58.8,14.1789,high,derived_constant
1984,1979_1991,global_system,global,synthesis,english_school,58.8,14.1789,high,derived_constant
1985,1979_1991,global_system,global,synthesis,english_school,58.8,14.1789,high,derived_constant
1986,1979_1991,global_system,global,synthesis,english_school,58.8,14.1789,high,derived_constant
1987,1979_1991,global_system,global,synthesis,english_school,58.8,14.1789,high,derived_constant
1988,1979_1991,global_system,global,synthesis,english_school,58.8,14.1789,high,derived_constant
1989,1979_1991,global_system,global,synthesis,english_school,58.8,14.1789,high,derived_constant
1990,1979_1991,global_system,global,synthesis,english_school,58.8,14.1789,high,derived_constant
1991,1979_1991,global_system,global,synthesis,english_school,58.8,14.1789,high,derived_constant
1979,1979_1991,global_system,global,synthesis,critical_postcolonial_feminist,62.3,15.0229,high,derived_constant
1980,1979_1991,global_system,global,synthesis,critical_postcolonial_feminist,62.3,15.0229,high,derived_constant
1981,1979_1991,global_system,global,synthesis,critical_postcolonial_feminist,62.3,15.0229,high,derived_constant
1982,1979_1991,global_system,global,synthesis,critical_postcolonial_feminist,62.3,15.0229,high,derived_constant
1983,1979_1991,global_system,global,synthesis,critical_postcolonial_feminist,62.3,15.0229,high,derived_constant
1984,1979_1991,global_system,global,synthesis,critical_postcolonial_feminist,62.3,15.0229,high,derived_constant
1985,1979_1991,global_system,global,synthesis,critical_postcolonial_feminist,62.3,15.0229,high,derived_constant
1986,1979_1991,global_system,global,synthesis,critical_postcolonial_feminist,62.3,15.0229,high,derived_constant
1987,1979_1991,global_system,global,synthesis,critical_postcolonial_feminist,62.3,15.0229,high,derived_constant
1988,1979_1991,global_system,global,synthesis,critical_postcolonial_feminist,62.3,15.0229,high,derived_constant
1989,1979_1991,global_system,global,synthesis,critical_postcolonial_feminist,62.3,15.0229,high,derived_constant
1990,1979_1991,global_system,global,synthesis,critical_postcolonial_feminist,62.3,15.0229,high,derived_constant
1991,1979_1991,global_system,global,synthesis,critical_postcolonial_feminist,62.3,15.0229,high,derived_constant
1979,1979_1991,global_system,global,synthesis,geopolitics_imperialism_reason_of_state,72.1,17.3861,high,derived_constant
1980,1979_1991,global_system,global,synthesis,geopolitics_imperialism_reason_of_state,72.1,17.3861,high,derived_constant
1981,1979_1991,global_system,global,synthesis,geopolitics_imperialism_reason_of_state,72.1,17.3861,high,derived_constant
1982,1979_1991,global_system,global,synthesis,geopolitics_imperialism_reason_of_state,72.1,17.3861,high,derived_constant
1983,1979_1991,global_system,global,synthesis,geopolitics_imperialism_reason_of_state,72.1,17.3861,high,derived_constant
1984,1979_1991,global_system,global,synthesis,geopolitics_imperialism_reason_of_state,72.1,17.3861,high,derived_constant
1985,1979_1991,global_system,global,synthesis,geopolitics_imperialism_reason_of_state,72.1,17.3861,high,derived_constant
1986,1979_1991,global_system,global,synthesis,geopolitics_imperialism_reason_of_state,72.1,17.3861,high,derived_constant
1987,1979_1991,global_system,global,synthesis,geopolitics_imperialism_reason_of_state,72.1,17.3861,high,derived_constant
1988,1979_1991,global_system,global,synthesis,geopolitics_imperialism_reason_of_state,72.1,17.3861,high,derived_constant
1989,1979_1991,global_system,global,synthesis,geopolitics_imperialism_reason_of_state,72.1,17.3861,high,derived_constant
1990,1979_1991,global_system,global,synthesis,geopolitics_imperialism_reason_of_state,72.1,17.3861,high,derived_constant
1991,1979_1991,global_system,global,synthesis,geopolitics_imperialism_reason_of_state,72.1,17.3861,high,derived_constant
1991,1991_2001,global_system,global,synthesis,realism,73.55,15.6124,high,derived_constant
1992,1991_2001,global_system,global,synthesis,realism,73.55,15.6124,high,derived_constant
1993,1991_2001,global_system,global,synthesis,realism,73.55,15.6124,high,derived_constant
1994,1991_2001,global_system,global,synthesis,realism,73.55,15.6124,high,derived_constant
1995,1991_2001,global_system,global,synthesis,realism,73.55,15.6124,high,derived_constant
1996,1991_2001,global_system,global,synthesis,realism,73.55,15.6124,high,derived_constant
1997,1991_2001,global_system,global,synthesis,realism,73.55,15.6124,high,derived_constant
1998,1991_2001,global_system,global,synthesis,realism,73.55,15.6124,high,derived_constant
1999,1991_2001,global_system,global,synthesis,realism,73.55,15.6124,high,derived_constant
2000,1991_2001,global_system,global,synthesis,realism,73.55,15.6124,high,derived_constant
2001,1991_2001,global_system,global,synthesis,realism,73.55,15.6124,high,derived_constant
1991,1991_2001,global_system,global,synthesis,liberalism,90.7,19.2528,high,derived_constant
1992,1991_2001,global_system,global,synthesis,liberalism,90.7,19.2528,high,derived_constant
1993,1991_2001,global_system,global,synthesis,liberalism,90.7,19.2528,high,derived_constant
1994,1991_2001,global_system,global,synthesis,liberalism,90.7,19.2528,high,derived_constant
1995,1991_2001,global_system,global,synthesis,liberalism,90.7,19.2528,high,derived_constant
1996,1991_2001,global_system,global,synthesis,liberalism,90.7,19.2528,high,derived_constant
1997,1991_2001,global_system,global,synthesis,liberalism,90.7,19.2528,high,derived_constant
1998,1991_2001,global_system,global,synthesis,liberalism,90.7,19.2528,high,derived_constant
1999,1991_2001,global_system,global,synthesis,liberalism,90.7,19.2528,high,derived_constant
2000,1991_2001,global_system,global,synthesis,liberalism,90.7,19.2528,high,derived_constant
2001,1991_2001,global_system,global,synthesis,liberalism,90.7,19.2528,high,derived_constant
1991,1991_2001,global_system,global,synthesis,marxism_dependency_structuralism,48.6,10.3163,high,derived_constant
1992,1991_2001,global_system,global,synthesis,marxism_dependency_structuralism,48.6,10.3163,high,derived_constant
1993,1991_2001,global_system,global,synthesis,marxism_dependency_structuralism,48.6,10.3163,high,derived_constant
1994,1991_2001,global_system,global,synthesis,marxism_dependency_structuralism,48.6,10.3163,high,derived_constant
1995,1991_2001,global_system,global,synthesis,marxism_dependency_structuralism,48.6,10.3163,high,derived_constant
1996,1991_2001,global_system,global,synthesis,marxism_dependency_structuralism,48.6,10.3163,high,derived_constant
1997,1991_2001,global_system,global,synthesis,marxism_dependency_structuralism,48.6,10.3163,high,derived_constant
1998,1991_2001,global_system,global,synthesis,marxism_dependency_structuralism,48.6,10.3163,high,derived_constant
1999,1991_2001,global_system,global,synthesis,marxism_dependency_structuralism,48.6,10.3163,high,derived_constant
2000,1991_2001,global_system,global,synthesis,marxism_dependency_structuralism,48.6,10.3163,high,derived_constant
2001,1991_2001,global_system,global,synthesis,marxism_dependency_structuralism,48.6,10.3163,high,derived_constant
1991,1991_2001,global_system,global,synthesis,constructivism,76.2,16.1749,high,derived_constant
1992,1991_2001,global_system,global,synthesis,constructivism,76.2,16.1749,high,derived_constant
1993,1991_2001,global_system,global,synthesis,constructivism,76.2,16.1749,high,derived_constant
1994,1991_2001,global_system,global,synthesis,constructivism,76.2,16.1749,high,derived_constant
1995,1991_2001,global_system,global,synthesis,constructivism,76.2,16.1749,high,derived_constant
1996,1991_2001,global_system,global,synthesis,constructivism,76.2,16.1749,high,derived_constant
1997,1991_2001,global_system,global,synthesis,constructivism,76.2,16.1749,high,derived_constant
1998,1991_2001,global_system,global,synthesis,constructivism,76.2,16.1749,high,derived_constant
1999,1991_2001,global_system,global,synthesis,constructivism,76.2,16.1749,high,derived_constant
2000,1991_2001,global_system,global,synthesis,constructivism,76.2,16.1749,high,derived_constant
2001,1991_2001,global_system,global,synthesis,constructivism,76.2,16.1749,high,derived_constant
1991,1991_2001,global_system,global,synthesis,english_school,69.3,14.7103,high,derived_constant
1992,1991_2001,global_system,global,synthesis,english_school,69.3,14.7103,high,derived_constant
1993,1991_2001,global_system,global,synthesis,english_school,69.3,14.7103,high,derived_constant
1994,1991_2001,global_system,global,synthesis,english_school,69.3,14.7103,high,derived_constant
1995,1991_2001,global_system,global,synthesis,english_school,69.3,14.7103,high,derived_constant
1996,1991_2001,global_system,global,synthesis,english_school,69.3,14.7103,high,derived_constant
1997,1991_2001,global_system,global,synthesis,english_school,69.3,14.7103,high,derived_constant
1998,1991_2001,global_system,global,synthesis,english_school,69.3,14.7103,high,derived_constant
1999,1991_2001,global_system,global,synthesis,english_school,69.3,14.7103,high,derived_constant
2000,1991_2001,global_system,global,synthesis,english_school,69.3,14.7103,high,derived_constant
2001,1991_2001,global_system,global,synthesis,english_school,69.3,14.7103,high,derived_constant
1991,1991_2001,global_system,global,synthesis,critical_postcolonial_feminist,60.25,12.7892,high,derived_constant
1992,1991_2001,global_system,global,synthesis,critical_postcolonial_feminist,60.25,12.7892,high,derived_constant
1993,1991_2001,global_system,global,synthesis,critical_postcolonial_feminist,60.25,12.7892,high,derived_constant
1994,1991_2001,global_system,global,synthesis,critical_postcolonial_feminist,60.25,12.7892,high,derived_constant
1995,1991_2001,global_system,global,synthesis,critical_postcolonial_feminist,60.25,12.7892,high,derived_constant
1996,1991_2001,global_system,global,synthesis,critical_postcolonial_feminist,60.25,12.7892,high,derived_constant
1997,1991_2001,global_system,global,synthesis,critical_postcolonial_feminist,60.25,12.7892,high,derived_constant
1998,1991_2001,global_system,global,synthesis,critical_postcolonial_feminist,60.25,12.7892,high,derived_constant
1999,1991_2001,global_system,global,synthesis,critical_postcolonial_feminist,60.25,12.7892,high,derived_constant
2000,1991_2001,global_system,global,synthesis,critical_postcolonial_feminist,60.25,12.7892,high,derived_constant
2001,1991_2001,global_system,global,synthesis,critical_postcolonial_feminist,60.25,12.7892,high,derived_constant
1991,1991_2001,global_system,global,synthesis,geopolitics_imperialism_reason_of_state,52.5,11.1441,high,derived_constant
1992,1991_2001,global_system,global,synthesis,geopolitics_imperialism_reason_of_state,52.5,11.1441,high,derived_constant
1993,1991_2001,global_system,global,synthesis,geopolitics_imperialism_reason_of_state,52.5,11.1441,high,derived_constant
1994,1991_2001,global_system,global,synthesis,geopolitics_imperialism_reason_of_state,52.5,11.1441,high,derived_constant
1995,1991_2001,global_system,global,synthesis,geopolitics_imperialism_reason_of_state,52.5,11.1441,high,derived_constant
1996,1991_2001,global_system,global,synthesis,geopolitics_imperialism_reason_of_state,52.5,11.1441,high,derived_constant
1997,1991_2001,global_system,global,synthesis,geopolitics_imperialism_reason_of_state,52.5,11.1441,high,derived_constant
1998,1991_2001,global_system,global,synthesis,geopolitics_imperialism_reason_of_state,52.5,11.1441,high,derived_constant
1999,1991_2001,global_system,global,synthesis,geopolitics_imperialism_reason_of_state,52.5,11.1441,high,derived_constant
2000,1991_2001,global_system,global,synthesis,geopolitics_imperialism_reason_of_state,52.5,11.1441,high,derived_constant
2001,1991_2001,global_system,global,synthesis,geopolitics_imperialism_reason_of_state,52.5,11.1441,high,derived_constant
2001,2001_2008,global_system,global,synthesis,realism,82.5,18.2785,high,derived_constant
2002,2001_2008,global_system,global,synthesis,realism,82.5,18.2785,high,derived_constant
2003,2001_2008,global_system,global,synthesis,realism,82.5,18.2785,high,derived_constant
2004,2001_2008,global_system,global,synthesis,realism,82.5,18.2785,high,derived_constant
2005,2001_2008,global_system,global,synthesis,realism,82.5,18.2785,high,derived_constant
2006,2001_2008,global_system,global,synthesis,realism,82.5,18.2785,high,derived_constant
2007,2001_2008,global_system,global,synthesis,realism,82.5,18.2785,high,derived_constant
2008,2001_2008,global_system,global,synthesis,realism,82.5,18.2785,high,derived_constant
2001,2001_2008,global_system,global,synthesis,liberalism,73.3,16.2402,high,derived_constant
2002,2001_2008,global_system,global,synthesis,liberalism,73.3,16.2402,high,derived_constant
2003,2001_2008,global_system,global,synthesis,liberalism,73.3,16.2402,high,derived_constant
2004,2001_2008,global_system,global,synthesis,liberalism,73.3,16.2402,high,derived_constant
2005,2001_2008,global_system,global,synthesis,liberalism,73.3,16.2402,high,derived_constant
2006,2001_2008,global_system,global,synthesis,liberalism,73.3,16.2402,high,derived_constant
2007,2001_2008,global_system,global,synthesis,liberalism,73.3,16.2402,high,derived_constant
2008,2001_2008,global_system,global,synthesis,liberalism,73.3,16.2402,high,derived_constant
2001,2001_2008,global_system,global,synthesis,marxism_dependency_structuralism,46.2,10.236,high,derived_constant
2002,2001_2008,global_system,global,synthesis,marxism_dependency_structuralism,46.2,10.236,high,derived_constant
2003,2001_2008,global_system,global,synthesis,marxism_dependency_structuralism,46.2,10.236,high,derived_constant
2004,2001_2008,global_system,global,synthesis,marxism_dependency_structuralism,46.2,10.236,high,derived_constant
2005,2001_2008,global_system,global,synthesis,marxism_dependency_structuralism,46.2,10.236,high,derived_constant
2006,2001_2008,global_system,global,synthesis,marxism_dependency_structuralism,46.2,10.236,high,derived_constant
2007,2001_2008,global_system,global,synthesis,marxism_dependency_structuralism,46.2,10.236,high,derived_constant
2008,2001_2008,global_system,global,synthesis,marxism_dependency_structuralism,46.2,10.236,high,derived_constant
2001,2001_2008,global_system,global,synthesis,constructivism,65.15,14.4345,high,derived_constant
2002,2001_2008,global_system,global,synthesis,constructivism,65.15,14.4345,high,derived_constant
2003,2001_2008,global_system,global,synthesis,constructivism,65.15,14.4345,high,derived_constant
2004,2001_2008,global_system,global,synthesis,constructivism,65.15,14.4345,high,derived_constant
2005,2001_2008,global_system,global,synthesis,constructivism,65.15,14.4345,high,derived_constant
2006,2001_2008,global_system,global,synthesis,constructivism,65.15,14.4345,high,derived_constant
2007,2001_2008,global_system,global,synthesis,constructivism,65.15,14.4345,high,derived_constant
2008,2001_2008,global_system,global,synthesis,constructivism,65.15,14.4345,high,derived_constant
2001,2001_2008,global_system,global,synthesis,english_school,58.2,12.8946,high,derived_constant
2002,2001_2008,global_system,global,synthesis,english_school,58.2,12.8946,high,derived_constant
2003,2001_2008,global_system,global,synthesis,english_school,58.2,12.8946,high,derived_constant
2004,2001_2008,global_system,global,synthesis,english_school,58.2,12.8946,high,derived_constant
2005,2001_2008,global_system,global,synthesis,english_school,58.2,12.8946,high,derived_constant
2006,2001_2008,global_system,global,synthesis,english_school,58.2,12.8946,high,derived_constant
2007,2001_2008,global_system,global,synthesis,english_school,58.2,12.8946,high,derived_constant
2008,2001_2008,global_system,global,synthesis,english_school,58.2,12.8946,high,derived_constant
2001,2001_2008,global_system,global,synthesis,critical_postcolonial_feminist,66.8,14.8,high,derived_constant
2002,2001_2008,global_system,global,synthesis,critical_postcolonial_feminist,66.8,14.8,high,derived_constant
2003,2001_2008,global_system,global,synthesis,critical_postcolonial_feminist,66.8,14.8,high,derived_constant
2004,2001_2008,global_system,global,synthesis,critical_postcolonial_feminist,66.8,14.8,high,derived_constant
2005,2001_2008,global_system,global,synthesis,critical_postcolonial_feminist,66.8,14.8,high,derived_constant
2006,2001_2008,global_system,global,synthesis,critical_postcolonial_feminist,66.8,14.8,high,derived_constant
2007,2001_2008,global_system,global,synthesis,critical_postcolonial_feminist,66.8,14.8,high,derived_constant
2008,2001_2008,global_system,global,synthesis,critical_postcolonial_feminist,66.8,14.8,high,derived_constant
2001,2001_2008,global_system,global,synthesis,geopolitics_imperialism_reason_of_state,59.2,13.1162,high,derived_constant
2002,2001_2008,global_system,global,synthesis,geopolitics_imperialism_reason_of_state,59.2,13.1162,high,derived_constant
2003,2001_2008,global_system,global,synthesis,geopolitics_imperialism_reason_of_state,59.2,13.1162,high,derived_constant
2004,2001_2008,global_system,global,synthesis,geopolitics_imperialism_reason_of_state,59.2,13.1162,high,derived_constant
2005,2001_2008,global_system,global,synthesis,geopolitics_imperialism_reason_of_state,59.2,13.1162,high,derived_constant
2006,2001_2008,global_system,global,synthesis,geopolitics_imperialism_reason_of_state,59.2,13.1162,high,derived_constant
2007,2001_2008,global_system,global,synthesis,geopolitics_imperialism_reason_of_state,59.2,13.1162,high,derived_constant
2008,2001_2008,global_system,global,synthesis,geopolitics_imperialism_reason_of_state,59.2,13.1162,high,derived_constant
2008,2008_2014,global_system,global,synthesis,realism,77.1,16.499,high,derived_constant
2009,2008_2014,global_system,global,synthesis,realism,77.1,16.499,high,derived_constant
2010,2008_2014,global_system,global,synthesis,realism,77.1,16.499,high,derived_constant
2011,2008_2014,global_system,global,synthesis,realism,77.1,16.499,high,derived_constant
2012,2008_2014,global_system,global,synthesis,realism,77.1,16.499,high,derived_constant
2013,2008_2014,global_system,global,synthesis,realism,77.1,16.499,high,derived_constant
2014,2008_2014,global_system,global,synthesis,realism,77.1,16.499,high,derived_constant
2008,2008_2014,global_system,global,synthesis,liberalism,67.7,14.4875,high,derived_constant
2009,2008_2014,global_system,global,synthesis,liberalism,67.7,14.4875,high,derived_constant
2010,2008_2014,global_system,global,synthesis,liberalism,67.7,14.4875,high,derived_constant
2011,2008_2014,global_system,global,synthesis,liberalism,67.7,14.4875,high,derived_constant
2012,2008_2014,global_system,global,synthesis,liberalism,67.7,14.4875,high,derived_constant
2013,2008_2014,global_system,global,synthesis,liberalism,67.7,14.4875,high,derived_constant
2014,2008_2014,global_system,global,synthesis,liberalism,67.7,14.4875,high,derived_constant
2008,2008_2014,global_system,global,synthesis,marxism_dependency_structuralism,64.25,13.7492,high,derived_constant
2009,2008_2014,global_system,global,synthesis,marxism_dependency_structuralism,64.25,13.7492,high,derived_constant
2010,2008_2014,global_system,global,synthesis,marxism_dependency_structuralism,64.25,13.7492,high,derived_constant
2011,2008_2014,global_system,global,synthesis,marxism_dependency_structuralism,64.25,13.7492,high,derived_constant
2012,2008_2014,global_system,global,synthesis,marxism_dependency_structuralism,64.25,13.7492,high,derived_constant
2013,2008_2014,global_system,global,synthesis,marxism_dependency_structuralism,64.25,13.7492,high,derived_constant
2014,2008_2014,global_system,global,synthesis,marxism_dependency_structuralism,64.25,13.7492,high,derived_constant
2008,2008_2014,global_system,global,synthesis,constructivism,62.4,13.3533,high,derived_constant
2009,2008_2014,global_system,global,synthesis,constructivism,62.4,13.3533,high,derived_constant
2010,2008_2014,global_system,global,synthesis,constructivism,62.4,13.3533,high,derived_constant
2011,2008_2014,global_system,global,synthesis,constructivism,62.4,13.3533,high,derived_constant
2012,2008_2014,global_system,global,synthesis,constructivism,62.4,13.3533,high,derived_constant
2013,2008_2014,global_system,global,synthesis,constructivism,62.4,13.3533,high,derived_constant
2014,2008_2014,global_system,global,synthesis,constructivism,62.4,13.3533,high,derived_constant
2008,2008_2014,global_system,global,synthesis,english_school,57.4,12.2833,high,derived_constant
2009,2008_2014,global_system,global,synthesis,english_school,57.4,12.2833,high,derived_constant
2010,2008_2014,global_system,global,synthesis,english_school,57.4,12.2833,high,derived_constant
2011,2008_2014,global_system,global,synthesis,english_school,57.4,12.2833,high,derived_constant
2012,2008_2014,global_system,global,synthesis,english_school,57.4,12.2833,high,derived_constant
2013,2008_2014,global_system,global,synthesis,english_school,57.4,12.2833,high,derived_constant
2014,2008_2014,global_system,global,synthesis,english_school,57.4,12.2833,high,derived_constant
2008,2008_2014,global_system,global,synthesis,critical_postcolonial_feminist,71.75,15.3542,high,derived_constant
2009,2008_2014,global_system,global,synthesis,critical_postcolonial_feminist,71.75,15.3542,high,derived_constant
2010,2008_2014,global_system,global,synthesis,critical_postcolonial_feminist,71.75,15.3542,high,derived_constant
2011,2008_2014,global_system,global,synthesis,critical_postcolonial_feminist,71.75,15.3542,high,derived_constant
2012,2008_2014,global_system,global,synthesis,critical_postcolonial_feminist,71.75,15.3542,high,derived_constant
2013,2008_2014,global_system,global,synthesis,critical_postcolonial_feminist,71.75,15.3542,high,derived_constant
2014,2008_2014,global_system,global,synthesis,critical_postcolonial_feminist,71.75,15.3542,high,derived_constant
2008,2008_2014,global_system,global,synthesis,geopolitics_imperialism_reason_of_state,66.7,14.2735,high,derived_constant
2009,2008_2014,global_system,global,synthesis,geopolitics_imperialism_reason_of_state,66.7,14.2735,high,derived_constant
2010,2008_2014,global_system,global,synthesis,geopolitics_imperialism_reason_of_state,66.7,14.2735,high,derived_constant
2011,2008_2014,global_system,global,synthesis,geopolitics_imperialism_reason_of_state,66.7,14.2735,high,derived_constant
2012,2008_2014,global_system,global,synthesis,geopolitics_imperialism_reason_of_state,66.7,14.2735,high,derived_constant
2013,2008_2014,global_system,global,synthesis,geopolitics_imperialism_reason_of_state,66.7,14.2735,high,derived_constant
2014,2008_2014,global_system,global,synthesis,geopolitics_imperialism_reason_of_state,66.7,14.2735,high,derived_constant
2014,2014_2022,global_system,global,synthesis,realism,86.5,18.4376,high,derived_constant
2015,2014_2022,global_system,global,synthesis,realism,86.5,18.4376,high,derived_constant
2016,2014_2022,global_system,global,synthesis,realism,86.5,18.4376,high,derived_constant
2017,2014_2022,global_system,global,synthesis,realism,86.5,18.4376,high,derived_constant
2018,2014_2022,global_system,global,synthesis,realism,86.5,18.4376,high,derived_constant
2019,2014_2022,global_system,global,synthesis,realism,86.5,18.4376,high,derived_constant
2020,2014_2022,global_system,global,synthesis,realism,86.5,18.4376,high,derived_constant
2021,2014_2022,global_system,global,synthesis,realism,86.5,18.4376,high,derived_constant
2022,2014_2022,global_system,global,synthesis,realism,86.5,18.4376,high,derived_constant
2014,2014_2022,global_system,global,synthesis,liberalism,59.25,12.6292,high,derived_constant
2015,2014_2022,global_system,global,synthesis,liberalism,59.25,12.6292,high,derived_constant
2016,2014_2022,global_system,global,synthesis,liberalism,59.25,12.6292,high,derived_constant
2017,2014_2022,global_system,global,synthesis,liberalism,59.25,12.6292,high,derived_constant
2018,2014_2022,global_system,global,synthesis,liberalism,59.25,12.6292,high,derived_constant
2019,2014_2022,global_system,global,synthesis,liberalism,59.25,12.6292,high,derived_constant
2020,2014_2022,global_system,global,synthesis,liberalism,59.25,12.6292,high,derived_constant
2021,2014_2022,global_system,global,synthesis,liberalism,59.25,12.6292,high,derived_constant
2022,2014_2022,global_system,global,synthesis,liberalism,59.25,12.6292,high,derived_constant
2014,2014_2022,global_system,global,synthesis,marxism_dependency_structuralism,56.2,11.9791,high,derived_constant
2015,2014_2022,global_system,global,synthesis,marxism_dependency_structuralism,56.2,11.9791,high,derived_constant
2016,2014_2022,global_system,global,synthesis,marxism_dependency_structuralism,56.2,11.9791,high,derived_constant
2017,2014_2022,global_system,global,synthesis,marxism_dependency_structuralism,56.2,11.9791,high,derived_constant
2018,2014_2022,global_system,global,synthesis,marxism_dependency_structuralism,56.2,11.9791,high,derived_constant
2019,2014_2022,global_system,global,synthesis,marxism_dependency_structuralism,56.2,11.9791,high,derived_constant
2020,2014_2022,global_system,global,synthesis,marxism_dependency_structuralism,56.2,11.9791,high,derived_constant
2021,2014_2022,global_system,global,synthesis,marxism_dependency_structuralism,56.2,11.9791,high,derived_constant
2022,2014_2022,global_system,global,synthesis,marxism_dependency_structuralism,56.2,11.9791,high,derived_constant
2014,2014_2022,global_system,global,synthesis,constructivism,64.55,13.7589,high,derived_constant
2015,2014_2022,global_system,global,synthesis,constructivism,64.55,13.7589,high,derived_constant
2016,2014_2022,global_system,global,synthesis,constructivism,64.55,13.7589,high,derived_constant
2017,2014_2022,global_system,global,synthesis,constructivism,64.55,13.7589,high,derived_constant
2018,2014_2022,global_system,global,synthesis,constructivism,64.55,13.7589,high,derived_constant
2019,2014_2022,global_system,global,synthesis,constructivism,64.55,13.7589,high,derived_constant
2020,2014_2022,global_system,global,synthesis,constructivism,64.55,13.7589,high,derived_constant
2021,2014_2022,global_system,global,synthesis,constructivism,64.55,13.7589,high,derived_constant
2022,2014_2022,global_system,global,synthesis,constructivism,64.55,13.7589,high,derived_constant
2014,2014_2022,global_system,global,synthesis,english_school,53.35,11.3716,high,derived_constant
2015,2014_2022,global_system,global,synthesis,english_school,53.35,11.3716,high,derived_constant
2016,2014_2022,global_system,global,synthesis,english_school,53.35,11.3716,high,derived_constant
2017,2014_2022,global_system,global,synthesis,english_school,53.35,11.3716,high,derived_constant
2018,2014_2022,global_system,global,synthesis,english_school,53.35,11.3716,high,derived_constant
2019,2014_2022,global_system,global,synthesis,english_school,53.35,11.3716,high,derived_constant
2020,2014_2022,global_system,global,synthesis,english_school,53.35,11.3716,high,derived_constant
2021,2014_2022,global_system,global,synthesis,english_school,53.35,11.3716,high,derived_constant
2022,2014_2022,global_system,global,synthesis,english_school,53.35,11.3716,high,derived_constant
2014,2014_2022,global_system,global,synthesis,critical_postcolonial_feminist,68.4,14.5796,high,derived_constant
2015,2014_2022,global_system,global,synthesis,critical_postcolonial_feminist,68.4,14.5796,high,derived_constant
2016,2014_2022,global_system,global,synthesis,critical_postcolonial_feminist,68.4,14.5796,high,derived_constant
2017,2014_2022,global_system,global,synthesis,critical_postcolonial_feminist,68.4,14.5796,high,derived_constant
2018,2014_2022,global_system,global,synthesis,critical_postcolonial_feminist,68.4,14.5796,high,derived_constant
2019,2014_2022,global_system,global,synthesis,critical_postcolonial_feminist,68.4,14.5796,high,derived_constant
2020,2014_2022,global_system,global,synthesis,critical_postcolonial_feminist,68.4,14.5796,high,derived_constant
2021,2014_2022,global_system,global,synthesis,critical_postcolonial_feminist,68.4,14.5796,high,derived_constant
2022,2014_2022,global_system,global,synthesis,critical_postcolonial_feminist,68.4,14.5796,high,derived_constant
2014,2014_2022,global_system,global,synthesis,geopolitics_imperialism_reason_of_state,80.9,17.244,high,derived_constant
2015,2014_2022,global_system,global,synthesis,geopolitics_imperialism_reason_of_state,80.9,17.244,high,derived_constant
2016,2014_2022,global_system,global,synthesis,geopolitics_imperialism_reason_of_state,80.9,17.244,high,derived_constant
2017,2014_2022,global_system,global,synthesis,geopolitics_imperialism_reason_of_state,80.9,17.244,high,derived_constant
2018,2014_2022,global_system,global,synthesis,geopolitics_imperialism_reason_of_state,80.9,17.244,high,derived_constant
2019,2014_2022,global_system,global,synthesis,geopolitics_imperialism_reason_of_state,80.9,17.244,high,derived_constant
2020,2014_2022,global_system,global,synthesis,geopolitics_imperialism_reason_of_state,80.9,17.244,high,derived_constant
2021,2014_2022,global_system,global,synthesis,geopolitics_imperialism_reason_of_state,80.9,17.244,high,derived_constant
2022,2014_2022,global_system,global,synthesis,geopolitics_imperialism_reason_of_state,80.9,17.244,high,derived_constant
2022,2022_2026,global_system,global,synthesis,realism,90.2,19.094,very_high,derived_constant
2023,2022_2026,global_system,global,synthesis,realism,90.2,19.094,very_high,derived_constant
2024,2022_2026,global_system,global,synthesis,realism,90.2,19.094,very_high,derived_constant
2025,2022_2026,global_system,global,synthesis,realism,90.2,19.094,very_high,derived_constant
2026,2022_2026,global_system,global,synthesis,realism,90.2,19.094,very_high,derived_constant
2022,2022_2026,global_system,global,synthesis,liberalism,54.55,11.5474,high,derived_constant
2023,2022_2026,global_system,global,synthesis,liberalism,54.55,11.5474,high,derived_constant
2024,2022_2026,global_system,global,synthesis,liberalism,54.55,11.5474,high,derived_constant
2025,2022_2026,global_system,global,synthesis,liberalism,54.55,11.5474,high,derived_constant
2026,2022_2026,global_system,global,synthesis,liberalism,54.55,11.5474,high,derived_constant
2022,2022_2026,global_system,global,synthesis,marxism_dependency_structuralism,56.95,12.0555,high,derived_constant
2023,2022_2026,global_system,global,synthesis,marxism_dependency_structuralism,56.95,12.0555,high,derived_constant
2024,2022_2026,global_system,global,synthesis,marxism_dependency_structuralism,56.95,12.0555,high,derived_constant
2025,2022_2026,global_system,global,synthesis,marxism_dependency_structuralism,56.95,12.0555,high,derived_constant
2026,2022_2026,global_system,global,synthesis,marxism_dependency_structuralism,56.95,12.0555,high,derived_constant
2022,2022_2026,global_system,global,synthesis,constructivism,62.6,13.2515,high,derived_constant
2023,2022_2026,global_system,global,synthesis,constructivism,62.6,13.2515,high,derived_constant
2024,2022_2026,global_system,global,synthesis,constructivism,62.6,13.2515,high,derived_constant
2025,2022_2026,global_system,global,synthesis,constructivism,62.6,13.2515,high,derived_constant
2026,2022_2026,global_system,global,synthesis,constructivism,62.6,13.2515,high,derived_constant
2022,2022_2026,global_system,global,synthesis,english_school,51.1,10.8171,high,derived_constant
2023,2022_2026,global_system,global,synthesis,english_school,51.1,10.8171,high,derived_constant
2024,2022_2026,global_system,global,synthesis,english_school,51.1,10.8171,high,derived_constant
2025,2022_2026,global_system,global,synthesis,english_school,51.1,10.8171,high,derived_constant
2026,2022_2026,global_system,global,synthesis,english_school,51.1,10.8171,high,derived_constant
2022,2022_2026,global_system,global,synthesis,critical_postcolonial_feminist,71.5,15.1355,high,derived_constant
2023,2022_2026,global_system,global,synthesis,critical_postcolonial_feminist,71.5,15.1355,high,derived_constant
2024,2022_2026,global_system,global,synthesis,critical_postcolonial_feminist,71.5,15.1355,high,derived_constant
2025,2022_2026,global_system,global,synthesis,critical_postcolonial_feminist,71.5,15.1355,high,derived_constant
2026,2022_2026,global_system,global,synthesis,critical_postcolonial_feminist,71.5,15.1355,high,derived_constant
2022,2022_2026,global_system,global,synthesis,geopolitics_imperialism_reason_of_state,85.5,18.0991,very_high,derived_constant
2023,2022_2026,global_system,global,synthesis,geopolitics_imperialism_reason_of_state,85.5,18.0991,very_high,derived_constant
2024,2022_2026,global_system,global,synthesis,geopolitics_imperialism_reason_of_state,85.5,18.0991,very_high,derived_constant
2025,2022_2026,global_system,global,synthesis,geopolitics_imperialism_reason_of_state,85.5,18.0991,very_high,derived_constant
2026,2022_2026,global_system,global,synthesis,geopolitics_imperialism_reason_of_state,85.5,18.0991,very_high,derived_constant
